2020-09-18 17:17 ~ sduartes ~ None,
2020-09-18 17:18 ~ flip.shop_3d ~ None,
2020-09-18 17:20 ~ david_villa_dj ~ None,
2020-09-18 17:21 ~ kamran_ccc_eng ~ None,
2020-09-20 15:07 ~ gedenkmozaiek ~ None,
2020-09-20 15:08 ~ colorful3dworld ~ None,
2020-09-20 15:10 ~ anvilcrafter ~ None,
2020-09-20 15:11 ~ overhilled ~ None,
2020-09-20 16:30 ~ 3d_tower_tuc ~ None,
2020-09-20 16:33 ~ heroesnbeasts ~ None,
2020-09-20 16:35 ~ bearcavemakes ~ None,
2020-09-20 16:36 ~ suricatodesign ~ None,
2020-09-20 22:12 ~ 3d_craftsman ~ None,
2020-09-20 22:13 ~ fespamexico ~ None,
2020-09-20 22:14 ~ grizzly_gram_ ~ None,
2020-09-20 22:16 ~ graphene_x ~ None,
